"file","category","status","disposition","finding_ids","reviewer","evidence"
".env.example","repository-file","reviewed","no validated issue","","orchestrator+sast+dast","Tracked by inventory; covered by lint/typecheck/tests/build, Trivy secret/vuln/misconfig scan, pnpm audit, and targeted sink review."
".gitignore","repository-file","reviewed","no validated issue","","orchestrator+sast+dast","Tracked by inventory; covered by lint/typecheck/tests/build, Trivy secret/vuln/misconfig scan, pnpm audit, and targeted sink review."
".npmrc","repository-file","reviewed","no validated issue","","orchestrator+sast+dast","Tracked by inventory; covered by lint/typecheck/tests/build, Trivy secret/vuln/misconfig scan, pnpm audit, and targeted sink review."
"AGENTS.md","documentation","reviewed","no validated issue","","orchestrator+sast+dast","Tracked by inventory; covered by lint/typecheck/tests/build, Trivy secret/vuln/misconfig scan, pnpm audit, and targeted sink review."
"apps/api/.env.example","repository-file","reviewed","no validated issue","","orchestrator+sast+dast","Tracked by inventory; covered by lint/typecheck/tests/build, Trivy secret/vuln/misconfig scan, pnpm audit, and targeted sink review."
"apps/api/fixtures/aisstream-replay.jsonl","repository-file","reviewed","no validated issue","","orchestrator+sast+dast","Tracked by inventory; covered by lint/typecheck/tests/build, Trivy secret/vuln/misconfig scan, pnpm audit, and targeted sink review."
"apps/api/package.json","configuration","reviewed","no validated issue","","orchestrator+sast+dast","Tracked by inventory; covered by lint/typecheck/tests/build, Trivy secret/vuln/misconfig scan, pnpm audit, and targeted sink review."
"apps/api/src/ais/ais-message-normaliser.ts","api-source","reviewed","no validated issue","","orchestrator+sast+dast","Tracked by inventory; covered by lint/typecheck/tests/build, Trivy secret/vuln/misconfig scan, pnpm audit, and targeted sink review."
"apps/api/src/ais/ais-replay-stream-client.ts","api-source","reviewed","no validated issue","","orchestrator+sast+dast","Tracked by inventory; covered by lint/typecheck/tests/build, Trivy secret/vuln/misconfig scan, pnpm audit, and targeted sink review."
"apps/api/src/ais/ais-stream-live-client.ts","api-source","reviewed","no validated issue","","orchestrator+sast+dast","Tracked by inventory; covered by lint/typecheck/tests/build, Trivy secret/vuln/misconfig scan, pnpm audit, and targeted sink review."
"apps/api/src/ais/ais-stream-status-tracker.ts","api-source","reviewed","no validated issue","","orchestrator+sast+dast","Tracked by inventory; covered by lint/typecheck/tests/build, Trivy secret/vuln/misconfig scan, pnpm audit, and targeted sink review."
"apps/api/src/ais/aisstream-message-parser.ts","api-source","reviewed","no validated issue","","orchestrator+sast+dast","Tracked by inventory; covered by lint/typecheck/tests/build, Trivy secret/vuln/misconfig scan, pnpm audit, and targeted sink review."
"apps/api/src/ais/mock-ais-stream-client.ts","api-source","reviewed","no validated issue","","orchestrator+sast+dast","Tracked by inventory; covered by lint/typecheck/tests/build, Trivy secret/vuln/misconfig scan, pnpm audit, and targeted sink review."
"apps/api/src/analysis/area-analysis.ts","api-source","reviewed","no validated issue","","orchestrator+sast+dast","Tracked by inventory; covered by lint/typecheck/tests/build, Trivy secret/vuln/misconfig scan, pnpm audit, and targeted sink review."
"apps/api/src/analysis/area-result.ts","api-source","reviewed","no validated issue","","orchestrator+sast+dast","Tracked by inventory; covered by lint/typecheck/tests/build, Trivy secret/vuln/misconfig scan, pnpm audit, and targeted sink review."
"apps/api/src/analysis/landmark-analysis.ts","api-source","reviewed","no validated issue","","orchestrator+sast+dast","Tracked by inventory; covered by lint/typecheck/tests/build, Trivy secret/vuln/misconfig scan, pnpm audit, and targeted sink review."
"apps/api/src/analysis/mock-analysis-agent-service.ts","api-source","reviewed","no validated issue","","orchestrator+sast+dast","Tracked by inventory; covered by lint/typecheck/tests/build, Trivy secret/vuln/misconfig scan, pnpm audit, and targeted sink review."
"apps/api/src/analysis/openai-analysis-agent-service.ts","api-source","reviewed","no validated issue","","orchestrator+sast+dast","Tracked by inventory; covered by lint/typecheck/tests/build, Trivy secret/vuln/misconfig scan, pnpm audit, and targeted sink review."
"apps/api/src/analytics/aircraft-analytics-service.ts","api-source","reviewed","no validated issue","","orchestrator+sast+dast","Tracked by inventory; covered by lint/typecheck/tests/build, Trivy secret/vuln/misconfig scan, pnpm audit, and targeted sink review."
"apps/api/src/analytics/vessel-analytics-service.ts","api-source","reviewed","no validated issue","","orchestrator+sast+dast","Tracked by inventory; covered by lint/typecheck/tests/build, Trivy secret/vuln/misconfig scan, pnpm audit, and targeted sink review."
"apps/api/src/app.ts","api-source","reviewed","fixed","SF-SEC-001","orchestrator+sast+dast","FIRMS provider-key spend fixed with token guard, startup guard, web token header, docs, and regression tests."
"apps/api/src/config/environment-parsers.ts","api-source","reviewed","no validated issue","","orchestrator+sast+dast","Tracked by inventory; covered by lint/typecheck/tests/build, Trivy secret/vuln/misconfig scan, pnpm audit, and targeted sink review."
"apps/api/src/config/environment.ts","api-source","reviewed","fixed","SF-SEC-001","orchestrator+sast+dast","FIRMS provider-key spend fixed with token guard, startup guard, web token header, docs, and regression tests."
"apps/api/src/config/logger.ts","api-source","reviewed","no validated issue","","orchestrator+sast+dast","Tracked by inventory; covered by lint/typecheck/tests/build, Trivy secret/vuln/misconfig scan, pnpm audit, and targeted sink review."
"apps/api/src/context/acled-normaliser.ts","api-source","reviewed","no validated issue","","orchestrator+sast+dast","Tracked by inventory; covered by lint/typecheck/tests/build, Trivy secret/vuln/misconfig scan, pnpm audit, and targeted sink review."
"apps/api/src/context/airport-context-limits.ts","api-source","reviewed","no validated issue","","orchestrator+sast+dast","Tracked by inventory; covered by lint/typecheck/tests/build, Trivy secret/vuln/misconfig scan, pnpm audit, and targeted sink review."
"apps/api/src/context/airport-context-response.ts","api-source","reviewed","no validated issue","","orchestrator+sast+dast","Tracked by inventory; covered by lint/typecheck/tests/build, Trivy secret/vuln/misconfig scan, pnpm audit, and targeted sink review."
"apps/api/src/context/airport-context-service.ts","api-source","reviewed","no validated issue","","orchestrator+sast+dast","Tracked by inventory; covered by lint/typecheck/tests/build, Trivy secret/vuln/misconfig scan, pnpm audit, and targeted sink review."
"apps/api/src/context/conflict-context-limits.ts","api-source","reviewed","no validated issue","","orchestrator+sast+dast","Tracked by inventory; covered by lint/typecheck/tests/build, Trivy secret/vuln/misconfig scan, pnpm audit, and targeted sink review."
"apps/api/src/context/conflict-context-response.ts","api-source","reviewed","no validated issue","","orchestrator+sast+dast","Tracked by inventory; covered by lint/typecheck/tests/build, Trivy secret/vuln/misconfig scan, pnpm audit, and targeted sink review."
"apps/api/src/context/conflict-context-service.ts","api-source","reviewed","no validated issue","","orchestrator+sast+dast","Tracked by inventory; covered by lint/typecheck/tests/build, Trivy secret/vuln/misconfig scan, pnpm audit, and targeted sink review."
"apps/api/src/context/fire-context-limits.ts","api-source","reviewed","no validated issue","","orchestrator+sast+dast","Tracked by inventory; covered by lint/typecheck/tests/build, Trivy secret/vuln/misconfig scan, pnpm audit, and targeted sink review."
"apps/api/src/context/fire-context-service.ts","api-source","reviewed","no validated issue","","orchestrator+sast+dast","Tracked by inventory; covered by lint/typecheck/tests/build, Trivy secret/vuln/misconfig scan, pnpm audit, and targeted sink review."
"apps/api/src/context/firms-normaliser.ts","api-source","reviewed","no validated issue","","orchestrator+sast+dast","Tracked by inventory; covered by lint/typecheck/tests/build, Trivy secret/vuln/misconfig scan, pnpm audit, and targeted sink review."
"apps/api/src/context/firms-response.ts","api-source","reviewed","no validated issue","","orchestrator+sast+dast","Tracked by inventory; covered by lint/typecheck/tests/build, Trivy secret/vuln/misconfig scan, pnpm audit, and targeted sink review."
"apps/api/src/context/marine-weather-response.ts","api-source","reviewed","no validated issue","","orchestrator+sast+dast","Tracked by inventory; covered by lint/typecheck/tests/build, Trivy secret/vuln/misconfig scan, pnpm audit, and targeted sink review."
"apps/api/src/context/marine-weather-service.ts","api-source","reviewed","no validated issue","","orchestrator+sast+dast","Tracked by inventory; covered by lint/typecheck/tests/build, Trivy secret/vuln/misconfig scan, pnpm audit, and targeted sink review."
"apps/api/src/context/ourairports-normaliser.ts","api-source","reviewed","no validated issue","","orchestrator+sast+dast","Tracked by inventory; covered by lint/typecheck/tests/build, Trivy secret/vuln/misconfig scan, pnpm audit, and targeted sink review."
"apps/api/src/context/satellite-context-limits.ts","api-source","reviewed","no validated issue","","orchestrator+sast+dast","Tracked by inventory; covered by lint/typecheck/tests/build, Trivy secret/vuln/misconfig scan, pnpm audit, and targeted sink review."
"apps/api/src/context/satellite-context-response.ts","api-source","reviewed","no validated issue","","orchestrator+sast+dast","Tracked by inventory; covered by lint/typecheck/tests/build, Trivy secret/vuln/misconfig scan, pnpm audit, and targeted sink review."
"apps/api/src/context/satellite-context-service.ts","api-source","reviewed","no validated issue","","orchestrator+sast+dast","Tracked by inventory; covered by lint/typecheck/tests/build, Trivy secret/vuln/misconfig scan, pnpm audit, and targeted sink review."
"apps/api/src/domain/aircraft-repository.ts","api-source","reviewed","no validated issue","","orchestrator+sast+dast","Tracked by inventory; covered by lint/typecheck/tests/build, Trivy secret/vuln/misconfig scan, pnpm audit, and targeted sink review."
"apps/api/src/domain/interfaces.ts","api-source","reviewed","no validated issue","","orchestrator+sast+dast","Tracked by inventory; covered by lint/typecheck/tests/build, Trivy secret/vuln/misconfig scan, pnpm audit, and targeted sink review."
"apps/api/src/domain/vessel-repository.ts","api-source","reviewed","no validated issue","","orchestrator+sast+dast","Tracked by inventory; covered by lint/typecheck/tests/build, Trivy secret/vuln/misconfig scan, pnpm audit, and targeted sink review."
"apps/api/src/flights/adsb-exchange-flight-client.ts","api-source","reviewed","no validated issue","","orchestrator+sast+dast","Tracked by inventory; covered by lint/typecheck/tests/build, Trivy secret/vuln/misconfig scan, pnpm audit, and targeted sink review."
"apps/api/src/flights/flight-normalisation.ts","api-source","reviewed","no validated issue","","orchestrator+sast+dast","Tracked by inventory; covered by lint/typecheck/tests/build, Trivy secret/vuln/misconfig scan, pnpm audit, and targeted sink review."
"apps/api/src/flights/flight-stream-status-tracker.ts","api-source","reviewed","no validated issue","","orchestrator+sast+dast","Tracked by inventory; covered by lint/typecheck/tests/build, Trivy secret/vuln/misconfig scan, pnpm audit, and targeted sink review."
"apps/api/src/flights/mock-flight-tracking-client.ts","api-source","reviewed","no validated issue","","orchestrator+sast+dast","Tracked by inventory; covered by lint/typecheck/tests/build, Trivy secret/vuln/misconfig scan, pnpm audit, and targeted sink review."
"apps/api/src/flights/open-sky-flight-client.ts","api-source","reviewed","no validated issue","","orchestrator+sast+dast","Tracked by inventory; covered by lint/typecheck/tests/build, Trivy secret/vuln/misconfig scan, pnpm audit, and targeted sink review."
"apps/api/src/intel/aircraft-intel-response.ts","api-source","reviewed","no validated issue","","orchestrator+sast+dast","Tracked by inventory; covered by lint/typecheck/tests/build, Trivy secret/vuln/misconfig scan, pnpm audit, and targeted sink review."
"apps/api/src/intel/mock-aircraft-intel-service.ts","api-source","reviewed","no validated issue","","orchestrator+sast+dast","Tracked by inventory; covered by lint/typecheck/tests/build, Trivy secret/vuln/misconfig scan, pnpm audit, and targeted sink review."
"apps/api/src/intel/mock-vessel-intel-service.ts","api-source","reviewed","no validated issue","","orchestrator+sast+dast","Tracked by inventory; covered by lint/typecheck/tests/build, Trivy secret/vuln/misconfig scan, pnpm audit, and targeted sink review."
"apps/api/src/intel/openai-aircraft-intel-service.ts","api-source","reviewed","no validated issue","","orchestrator+sast+dast","Tracked by inventory; covered by lint/typecheck/tests/build, Trivy secret/vuln/misconfig scan, pnpm audit, and targeted sink review."
"apps/api/src/intel/openai-vessel-intel-service.ts","api-source","reviewed","no validated issue","","orchestrator+sast+dast","Tracked by inventory; covered by lint/typecheck/tests/build, Trivy secret/vuln/misconfig scan, pnpm audit, and targeted sink review."
"apps/api/src/intel/vessel-intel-response.ts","api-source","reviewed","no validated issue","","orchestrator+sast+dast","Tracked by inventory; covered by lint/typecheck/tests/build, Trivy secret/vuln/misconfig scan, pnpm audit, and targeted sink review."
"apps/api/src/realtime/realtime-broadcaster.ts","api-source","reviewed","no validated issue","","orchestrator+sast+dast","Tracked by inventory; covered by lint/typecheck/tests/build, Trivy secret/vuln/misconfig scan, pnpm audit, and targeted sink review."
"apps/api/src/routes/aircraft.ts","api-source","reviewed","no validated issue","","orchestrator+sast+dast","Tracked by inventory; covered by lint/typecheck/tests/build, Trivy secret/vuln/misconfig scan, pnpm audit, and targeted sink review."
"apps/api/src/routes/airport-context.ts","api-source","reviewed","no validated issue","","orchestrator+sast+dast","Tracked by inventory; covered by lint/typecheck/tests/build, Trivy secret/vuln/misconfig scan, pnpm audit, and targeted sink review."
"apps/api/src/routes/analysis.ts","api-source","reviewed","no validated issue","","orchestrator+sast+dast","Tracked by inventory; covered by lint/typecheck/tests/build, Trivy secret/vuln/misconfig scan, pnpm audit, and targeted sink review."
"apps/api/src/routes/auth.ts","api-source","reviewed","no validated issue","","orchestrator+sast+dast","Tracked by inventory; covered by lint/typecheck/tests/build, Trivy secret/vuln/misconfig scan, pnpm audit, and targeted sink review."
"apps/api/src/routes/conflict-context.ts","api-source","reviewed","no validated issue","","orchestrator+sast+dast","Tracked by inventory; covered by lint/typecheck/tests/build, Trivy secret/vuln/misconfig scan, pnpm audit, and targeted sink review."
"apps/api/src/routes/fire-context.ts","api-source","reviewed","fixed","SF-SEC-001","orchestrator+sast+dast","FIRMS provider-key spend fixed with token guard, startup guard, web token header, docs, and regression tests."
"apps/api/src/routes/flight-status.ts","api-source","reviewed","no validated issue","","orchestrator+sast+dast","Tracked by inventory; covered by lint/typecheck/tests/build, Trivy secret/vuln/misconfig scan, pnpm audit, and targeted sink review."
"apps/api/src/routes/health.ts","api-source","reviewed","no validated issue","","orchestrator+sast+dast","Tracked by inventory; covered by lint/typecheck/tests/build, Trivy secret/vuln/misconfig scan, pnpm audit, and targeted sink review."
"apps/api/src/routes/marine-weather.ts","api-source","reviewed","no validated issue","","orchestrator+sast+dast","Tracked by inventory; covered by lint/typecheck/tests/build, Trivy secret/vuln/misconfig scan, pnpm audit, and targeted sink review."
"apps/api/src/routes/satellite-context.ts","api-source","reviewed","no validated issue","","orchestrator+sast+dast","Tracked by inventory; covered by lint/typecheck/tests/build, Trivy secret/vuln/misconfig scan, pnpm audit, and targeted sink review."
"apps/api/src/routes/stream-status.ts","api-source","reviewed","no validated issue","","orchestrator+sast+dast","Tracked by inventory; covered by lint/typecheck/tests/build, Trivy secret/vuln/misconfig scan, pnpm audit, and targeted sink review."
"apps/api/src/routes/vessels.ts","api-source","reviewed","no validated issue","","orchestrator+sast+dast","Tracked by inventory; covered by lint/typecheck/tests/build, Trivy secret/vuln/misconfig scan, pnpm audit, and targeted sink review."
"apps/api/src/server.ts","api-source","reviewed","no validated issue","","orchestrator+sast+dast","Tracked by inventory; covered by lint/typecheck/tests/build, Trivy secret/vuln/misconfig scan, pnpm audit, and targeted sink review."
"apps/api/src/ws/aircraft-stream.ts","api-source","reviewed","no validated issue","","orchestrator+sast+dast","Tracked by inventory; covered by lint/typecheck/tests/build, Trivy secret/vuln/misconfig scan, pnpm audit, and targeted sink review."
"apps/api/src/ws/origin.ts","api-source","reviewed","no validated issue","","orchestrator+sast+dast","Tracked by inventory; covered by lint/typecheck/tests/build, Trivy secret/vuln/misconfig scan, pnpm audit, and targeted sink review."
"apps/api/src/ws/vessel-stream.ts","api-source","reviewed","no validated issue","","orchestrator+sast+dast","Tracked by inventory; covered by lint/typecheck/tests/build, Trivy secret/vuln/misconfig scan, pnpm audit, and targeted sink review."
"apps/api/tests/aircraft-domain.test.ts","test-code","reviewed","no validated issue","","orchestrator+sast+dast","Tracked by inventory; covered by lint/typecheck/tests/build, Trivy secret/vuln/misconfig scan, pnpm audit, and targeted sink review."
"apps/api/tests/aircraft-intel-service.test.ts","test-code","reviewed","no validated issue","","orchestrator+sast+dast","Tracked by inventory; covered by lint/typecheck/tests/build, Trivy secret/vuln/misconfig scan, pnpm audit, and targeted sink review."
"apps/api/tests/aircraft-routes.test.ts","test-code","reviewed","no validated issue","","orchestrator+sast+dast","Tracked by inventory; covered by lint/typecheck/tests/build, Trivy secret/vuln/misconfig scan, pnpm audit, and targeted sink review."
"apps/api/tests/airport-context-route.test.ts","test-code","reviewed","no validated issue","","orchestrator+sast+dast","Tracked by inventory; covered by lint/typecheck/tests/build, Trivy secret/vuln/misconfig scan, pnpm audit, and targeted sink review."
"apps/api/tests/airport-context-service.test.ts","test-code","reviewed","no validated issue","","orchestrator+sast+dast","Tracked by inventory; covered by lint/typecheck/tests/build, Trivy secret/vuln/misconfig scan, pnpm audit, and targeted sink review."
"apps/api/tests/ais-live-stream-client.test.ts","test-code","reviewed","no validated issue","","orchestrator+sast+dast","Tracked by inventory; covered by lint/typecheck/tests/build, Trivy secret/vuln/misconfig scan, pnpm audit, and targeted sink review."
"apps/api/tests/aisstream-parser.test.ts","test-code","reviewed","fixed","SF-SEC-001","orchestrator+sast+dast","FIRMS provider-key spend fixed with token guard, startup guard, web token header, docs, and regression tests."
"apps/api/tests/analysis-area-and-mock-service.test.ts","test-code","reviewed","no validated issue","","orchestrator+sast+dast","Tracked by inventory; covered by lint/typecheck/tests/build, Trivy secret/vuln/misconfig scan, pnpm audit, and targeted sink review."
"apps/api/tests/analysis-route.test.ts","test-code","reviewed","no validated issue","","orchestrator+sast+dast","Tracked by inventory; covered by lint/typecheck/tests/build, Trivy secret/vuln/misconfig scan, pnpm audit, and targeted sink review."
"apps/api/tests/analysis-service.test.ts","test-code","reviewed","no validated issue","","orchestrator+sast+dast","Tracked by inventory; covered by lint/typecheck/tests/build, Trivy secret/vuln/misconfig scan, pnpm audit, and targeted sink review."
"apps/api/tests/app.test.ts","test-code","reviewed","no validated issue","","orchestrator+sast+dast","Tracked by inventory; covered by lint/typecheck/tests/build, Trivy secret/vuln/misconfig scan, pnpm audit, and targeted sink review."
"apps/api/tests/config-and-context-limits.test.ts","test-code","reviewed","no validated issue","","orchestrator+sast+dast","Tracked by inventory; covered by lint/typecheck/tests/build, Trivy secret/vuln/misconfig scan, pnpm audit, and targeted sink review."
"apps/api/tests/conflict-context-route.test.ts","test-code","reviewed","no validated issue","","orchestrator+sast+dast","Tracked by inventory; covered by lint/typecheck/tests/build, Trivy secret/vuln/misconfig scan, pnpm audit, and targeted sink review."
"apps/api/tests/conflict-context-service.test.ts","test-code","reviewed","no validated issue","","orchestrator+sast+dast","Tracked by inventory; covered by lint/typecheck/tests/build, Trivy secret/vuln/misconfig scan, pnpm audit, and targeted sink review."
"apps/api/tests/context-response-builders.test.ts","test-code","reviewed","no validated issue","","orchestrator+sast+dast","Tracked by inventory; covered by lint/typecheck/tests/build, Trivy secret/vuln/misconfig scan, pnpm audit, and targeted sink review."
"apps/api/tests/context-response-extra.test.ts","test-code","reviewed","no validated issue","","orchestrator+sast+dast","Tracked by inventory; covered by lint/typecheck/tests/build, Trivy secret/vuln/misconfig scan, pnpm audit, and targeted sink review."
"apps/api/tests/fire-context-route.test.ts","test-code","reviewed","fixed","SF-SEC-001","orchestrator+sast+dast","FIRMS provider-key spend fixed with token guard, startup guard, web token header, docs, and regression tests."
"apps/api/tests/fire-context-service.test.ts","test-code","reviewed","no validated issue","","orchestrator+sast+dast","Tracked by inventory; covered by lint/typecheck/tests/build, Trivy secret/vuln/misconfig scan, pnpm audit, and targeted sink review."
"apps/api/tests/flight-provider-clients.test.ts","test-code","reviewed","no validated issue","","orchestrator+sast+dast","Tracked by inventory; covered by lint/typecheck/tests/build, Trivy secret/vuln/misconfig scan, pnpm audit, and targeted sink review."
"apps/api/tests/intel-response-builders.test.ts","test-code","reviewed","no validated issue","","orchestrator+sast+dast","Tracked by inventory; covered by lint/typecheck/tests/build, Trivy secret/vuln/misconfig scan, pnpm audit, and targeted sink review."
"apps/api/tests/marine-weather-route.test.ts","test-code","reviewed","no validated issue","","orchestrator+sast+dast","Tracked by inventory; covered by lint/typecheck/tests/build, Trivy secret/vuln/misconfig scan, pnpm audit, and targeted sink review."
"apps/api/tests/marine-weather-service.test.ts","test-code","reviewed","no validated issue","","orchestrator+sast+dast","Tracked by inventory; covered by lint/typecheck/tests/build, Trivy secret/vuln/misconfig scan, pnpm audit, and targeted sink review."
"apps/api/tests/mock-stream.test.ts","test-code","reviewed","no validated issue","","orchestrator+sast+dast","Tracked by inventory; covered by lint/typecheck/tests/build, Trivy secret/vuln/misconfig scan, pnpm audit, and targeted sink review."
"apps/api/tests/provider-normalisers.test.ts","test-code","reviewed","no validated issue","","orchestrator+sast+dast","Tracked by inventory; covered by lint/typecheck/tests/build, Trivy secret/vuln/misconfig scan, pnpm audit, and targeted sink review."
"apps/api/tests/route-contracts.test.ts","test-code","reviewed","no validated issue","","orchestrator+sast+dast","Tracked by inventory; covered by lint/typecheck/tests/build, Trivy secret/vuln/misconfig scan, pnpm audit, and targeted sink review."
"apps/api/tests/satellite-context-route.test.ts","test-code","reviewed","no validated issue","","orchestrator+sast+dast","Tracked by inventory; covered by lint/typecheck/tests/build, Trivy secret/vuln/misconfig scan, pnpm audit, and targeted sink review."
"apps/api/tests/satellite-context-service.test.ts","test-code","reviewed","no validated issue","","orchestrator+sast+dast","Tracked by inventory; covered by lint/typecheck/tests/build, Trivy secret/vuln/misconfig scan, pnpm audit, and targeted sink review."
"apps/api/tests/stream-infrastructure.test.ts","test-code","reviewed","no validated issue","","orchestrator+sast+dast","Tracked by inventory; covered by lint/typecheck/tests/build, Trivy secret/vuln/misconfig scan, pnpm audit, and targeted sink review."
"apps/api/tests/vessel-intel-service.test.ts","test-code","reviewed","no validated issue","","orchestrator+sast+dast","Tracked by inventory; covered by lint/typecheck/tests/build, Trivy secret/vuln/misconfig scan, pnpm audit, and targeted sink review."
"apps/api/tests/vessel-repository.test.ts","test-code","reviewed","no validated issue","","orchestrator+sast+dast","Tracked by inventory; covered by lint/typecheck/tests/build, Trivy secret/vuln/misconfig scan, pnpm audit, and targeted sink review."
"apps/api/tests/vessel-routes.test.ts","test-code","reviewed","no validated issue","","orchestrator+sast+dast","Tracked by inventory; covered by lint/typecheck/tests/build, Trivy secret/vuln/misconfig scan, pnpm audit, and targeted sink review."
"apps/api/tsconfig.json","configuration","reviewed","no validated issue","","orchestrator+sast+dast","Tracked by inventory; covered by lint/typecheck/tests/build, Trivy secret/vuln/misconfig scan, pnpm audit, and targeted sink review."
"apps/api/vitest.config.ts","configuration","reviewed","no validated issue","","orchestrator+sast+dast","Tracked by inventory; covered by lint/typecheck/tests/build, Trivy secret/vuln/misconfig scan, pnpm audit, and targeted sink review."
"apps/web/.env.example","repository-file","reviewed","no validated issue","","orchestrator+sast+dast","Tracked by inventory; covered by lint/typecheck/tests/build, Trivy secret/vuln/misconfig scan, pnpm audit, and targeted sink review."
"apps/web/index.html","repository-file","reviewed","no validated issue","","orchestrator+sast+dast","Tracked by inventory; covered by lint/typecheck/tests/build, Trivy secret/vuln/misconfig scan, pnpm audit, and targeted sink review."
"apps/web/package.json","configuration","reviewed","no validated issue","","orchestrator+sast+dast","Tracked by inventory; covered by lint/typecheck/tests/build, Trivy secret/vuln/misconfig scan, pnpm audit, and targeted sink review."
"apps/web/postcss.config.cjs","configuration","reviewed","no validated issue","","orchestrator+sast+dast","Tracked by inventory; covered by lint/typecheck/tests/build, Trivy secret/vuln/misconfig scan, pnpm audit, and targeted sink review."
"apps/web/public/favicon.svg","static-asset","reviewed","not applicable","","sast-secret-scan","Static asset tracked for completeness; Trivy secret scan covered repository contents."
"apps/web/public/sentinel-fusion-logo-transparent.png","static-asset","reviewed","not applicable","","sast-secret-scan","Static asset tracked for completeness; Trivy secret scan covered repository contents."
"apps/web/src/alerts/alertModels.test.ts","web-source","reviewed","no validated issue","","orchestrator+sast+dast","Tracked by inventory; covered by lint/typecheck/tests/build, Trivy secret/vuln/misconfig scan, pnpm audit, and targeted sink review."
"apps/web/src/alerts/alertModels.ts","web-source","reviewed","no validated issue","","orchestrator+sast+dast","Tracked by inventory; covered by lint/typecheck/tests/build, Trivy secret/vuln/misconfig scan, pnpm audit, and targeted sink review."
"apps/web/src/alerts/alertPresets.ts","web-source","reviewed","no validated issue","","orchestrator+sast+dast","Tracked by inventory; covered by lint/typecheck/tests/build, Trivy secret/vuln/misconfig scan, pnpm audit, and targeted sink review."
"apps/web/src/alerts/anomalyDetection.test.ts","web-source","reviewed","no validated issue","","orchestrator+sast+dast","Tracked by inventory; covered by lint/typecheck/tests/build, Trivy secret/vuln/misconfig scan, pnpm audit, and targeted sink review."
"apps/web/src/alerts/anomalyDetection.ts","web-source","reviewed","no validated issue","","orchestrator+sast+dast","Tracked by inventory; covered by lint/typecheck/tests/build, Trivy secret/vuln/misconfig scan, pnpm audit, and targeted sink review."
"apps/web/src/analysis/analysisIntelContext.test.ts","web-source","reviewed","no validated issue","","orchestrator+sast+dast","Tracked by inventory; covered by lint/typecheck/tests/build, Trivy secret/vuln/misconfig scan, pnpm audit, and targeted sink review."
"apps/web/src/analysis/analysisIntelContext.ts","web-source","reviewed","no validated issue","","orchestrator+sast+dast","Tracked by inventory; covered by lint/typecheck/tests/build, Trivy secret/vuln/misconfig scan, pnpm audit, and targeted sink review."
"apps/web/src/api/apiClient.test.ts","web-source","reviewed","fixed","SF-SEC-001","orchestrator+sast+dast","FIRMS provider-key spend fixed with token guard, startup guard, web token header, docs, and regression tests."
"apps/web/src/api/apiClient.ts","web-source","reviewed","fixed","SF-SEC-001","orchestrator+sast+dast","FIRMS provider-key spend fixed with token guard, startup guard, web token header, docs, and regression tests."
"apps/web/src/App.test.tsx","web-source","reviewed","no validated issue","","orchestrator+sast+dast","Tracked by inventory; covered by lint/typecheck/tests/build, Trivy secret/vuln/misconfig scan, pnpm audit, and targeted sink review."
"apps/web/src/App.tsx","web-source","reviewed","no validated issue","","orchestrator+sast+dast","Tracked by inventory; covered by lint/typecheck/tests/build, Trivy secret/vuln/misconfig scan, pnpm audit, and targeted sink review."
"apps/web/src/components/aircraft/AircraftBadges.tsx","web-source","reviewed","no validated issue","","orchestrator+sast+dast","Tracked by inventory; covered by lint/typecheck/tests/build, Trivy secret/vuln/misconfig scan, pnpm audit, and targeted sink review."
"apps/web/src/components/aircraft/AircraftDetails.test.tsx","web-source","reviewed","no validated issue","","orchestrator+sast+dast","Tracked by inventory; covered by lint/typecheck/tests/build, Trivy secret/vuln/misconfig scan, pnpm audit, and targeted sink review."
"apps/web/src/components/aircraft/AircraftDetails.tsx","web-source","reviewed","no validated issue","","orchestrator+sast+dast","Tracked by inventory; covered by lint/typecheck/tests/build, Trivy secret/vuln/misconfig scan, pnpm audit, and targeted sink review."
"apps/web/src/components/aircraft/AircraftFilterControls.test.tsx","web-source","reviewed","no validated issue","","orchestrator+sast+dast","Tracked by inventory; covered by lint/typecheck/tests/build, Trivy secret/vuln/misconfig scan, pnpm audit, and targeted sink review."
"apps/web/src/components/aircraft/AircraftFilterControls.tsx","web-source","reviewed","no validated issue","","orchestrator+sast+dast","Tracked by inventory; covered by lint/typecheck/tests/build, Trivy secret/vuln/misconfig scan, pnpm audit, and targeted sink review."
"apps/web/src/components/aircraft/AircraftIntelPanel.test.tsx","web-source","reviewed","no validated issue","","orchestrator+sast+dast","Tracked by inventory; covered by lint/typecheck/tests/build, Trivy secret/vuln/misconfig scan, pnpm audit, and targeted sink review."
"apps/web/src/components/aircraft/AircraftIntelPanel.tsx","web-source","reviewed","no validated issue","","orchestrator+sast+dast","Tracked by inventory; covered by lint/typecheck/tests/build, Trivy secret/vuln/misconfig scan, pnpm audit, and targeted sink review."
"apps/web/src/components/alerts/AlertPresetControls.tsx","web-source","reviewed","no validated issue","","orchestrator+sast+dast","Tracked by inventory; covered by lint/typecheck/tests/build, Trivy secret/vuln/misconfig scan, pnpm audit, and targeted sink review."
"apps/web/src/components/alerts/AlertsPanel.test.tsx","web-source","reviewed","no validated issue","","orchestrator+sast+dast","Tracked by inventory; covered by lint/typecheck/tests/build, Trivy secret/vuln/misconfig scan, pnpm audit, and targeted sink review."
"apps/web/src/components/alerts/AlertsPanel.tsx","web-source","reviewed","no validated issue","","orchestrator+sast+dast","Tracked by inventory; covered by lint/typecheck/tests/build, Trivy secret/vuln/misconfig scan, pnpm audit, and targeted sink review."
"apps/web/src/components/analysis/analysisDefaults.ts","web-source","reviewed","no validated issue","","orchestrator+sast+dast","Tracked by inventory; covered by lint/typecheck/tests/build, Trivy secret/vuln/misconfig scan, pnpm audit, and targeted sink review."
"apps/web/src/components/analysis/AnalysisResult.test.tsx","web-source","reviewed","no validated issue","","orchestrator+sast+dast","Tracked by inventory; covered by lint/typecheck/tests/build, Trivy secret/vuln/misconfig scan, pnpm audit, and targeted sink review."
"apps/web/src/components/analysis/AnalysisResult.tsx","web-source","reviewed","no validated issue","","orchestrator+sast+dast","Tracked by inventory; covered by lint/typecheck/tests/build, Trivy secret/vuln/misconfig scan, pnpm audit, and targeted sink review."
"apps/web/src/components/analysis/AreaComparePanel.tsx","web-source","reviewed","no validated issue","","orchestrator+sast+dast","Tracked by inventory; covered by lint/typecheck/tests/build, Trivy secret/vuln/misconfig scan, pnpm audit, and targeted sink review."
"apps/web/src/components/analysis/DrawerAnalysisForms.tsx","web-source","reviewed","no validated issue","","orchestrator+sast+dast","Tracked by inventory; covered by lint/typecheck/tests/build, Trivy secret/vuln/misconfig scan, pnpm audit, and targeted sink review."
"apps/web/src/components/analysis/MissionRoutinePanel.tsx","web-source","reviewed","no validated issue","","orchestrator+sast+dast","Tracked by inventory; covered by lint/typecheck/tests/build, Trivy secret/vuln/misconfig scan, pnpm audit, and targeted sink review."
"apps/web/src/components/analysis/OperationalAreaTools.tsx","web-source","reviewed","no validated issue","","orchestrator+sast+dast","Tracked by inventory; covered by lint/typecheck/tests/build, Trivy secret/vuln/misconfig scan, pnpm audit, and targeted sink review."
"apps/web/src/components/context/AirportContextPanel.test.tsx","web-source","reviewed","no validated issue","","orchestrator+sast+dast","Tracked by inventory; covered by lint/typecheck/tests/build, Trivy secret/vuln/misconfig scan, pnpm audit, and targeted sink review."
"apps/web/src/components/context/AirportContextPanel.tsx","web-source","reviewed","no validated issue","","orchestrator+sast+dast","Tracked by inventory; covered by lint/typecheck/tests/build, Trivy secret/vuln/misconfig scan, pnpm audit, and targeted sink review."
"apps/web/src/components/context/AreaContextStack.tsx","web-source","reviewed","no validated issue","","orchestrator+sast+dast","Tracked by inventory; covered by lint/typecheck/tests/build, Trivy secret/vuln/misconfig scan, pnpm audit, and targeted sink review."
"apps/web/src/components/context/ConflictContextPanel.test.tsx","web-source","reviewed","no validated issue","","orchestrator+sast+dast","Tracked by inventory; covered by lint/typecheck/tests/build, Trivy secret/vuln/misconfig scan, pnpm audit, and targeted sink review."
"apps/web/src/components/context/ConflictContextPanel.tsx","web-source","reviewed","no validated issue","","orchestrator+sast+dast","Tracked by inventory; covered by lint/typecheck/tests/build, Trivy secret/vuln/misconfig scan, pnpm audit, and targeted sink review."
"apps/web/src/components/context/FireContextPanel.test.tsx","web-source","reviewed","no validated issue","","orchestrator+sast+dast","Tracked by inventory; covered by lint/typecheck/tests/build, Trivy secret/vuln/misconfig scan, pnpm audit, and targeted sink review."
"apps/web/src/components/context/FireContextPanel.tsx","web-source","reviewed","no validated issue","","orchestrator+sast+dast","Tracked by inventory; covered by lint/typecheck/tests/build, Trivy secret/vuln/misconfig scan, pnpm audit, and targeted sink review."
"apps/web/src/components/context/MarineWeatherPanel.test.tsx","web-source","reviewed","no validated issue","","orchestrator+sast+dast","Tracked by inventory; covered by lint/typecheck/tests/build, Trivy secret/vuln/misconfig scan, pnpm audit, and targeted sink review."
"apps/web/src/components/context/MarineWeatherPanel.tsx","web-source","reviewed","no validated issue","","orchestrator+sast+dast","Tracked by inventory; covered by lint/typecheck/tests/build, Trivy secret/vuln/misconfig scan, pnpm audit, and targeted sink review."
"apps/web/src/components/context/SatelliteContextPanel.test.tsx","web-source","reviewed","no validated issue","","orchestrator+sast+dast","Tracked by inventory; covered by lint/typecheck/tests/build, Trivy secret/vuln/misconfig scan, pnpm audit, and targeted sink review."
"apps/web/src/components/context/SatelliteContextPanel.tsx","web-source","reviewed","no validated issue","","orchestrator+sast+dast","Tracked by inventory; covered by lint/typecheck/tests/build, Trivy secret/vuln/misconfig scan, pnpm audit, and targeted sink review."
"apps/web/src/components/layout/DashboardShell.test.tsx","web-source","reviewed","no validated issue","","orchestrator+sast+dast","Tracked by inventory; covered by lint/typecheck/tests/build, Trivy secret/vuln/misconfig scan, pnpm audit, and targeted sink review."
"apps/web/src/components/layout/DashboardShell.tsx","web-source","reviewed","no validated issue","","orchestrator+sast+dast","Tracked by inventory; covered by lint/typecheck/tests/build, Trivy secret/vuln/misconfig scan, pnpm audit, and targeted sink review."
"apps/web/src/components/layout/LeftRail.tsx","web-source","reviewed","no validated issue","","orchestrator+sast+dast","Tracked by inventory; covered by lint/typecheck/tests/build, Trivy secret/vuln/misconfig scan, pnpm audit, and targeted sink review."
"apps/web/src/components/map/aircraftIcons.ts","web-source","reviewed","no validated issue","","orchestrator+sast+dast","Tracked by inventory; covered by lint/typecheck/tests/build, Trivy secret/vuln/misconfig scan, pnpm audit, and targeted sink review."
"apps/web/src/components/map/aircraftLayers.ts","web-source","reviewed","no validated issue","","orchestrator+sast+dast","Tracked by inventory; covered by lint/typecheck/tests/build, Trivy secret/vuln/misconfig scan, pnpm audit, and targeted sink review."
"apps/web/src/components/map/aircraftMapData.test.ts","web-source","reviewed","no validated issue","","orchestrator+sast+dast","Tracked by inventory; covered by lint/typecheck/tests/build, Trivy secret/vuln/misconfig scan, pnpm audit, and targeted sink review."
"apps/web/src/components/map/aircraftMapData.ts","web-source","reviewed","no validated issue","","orchestrator+sast+dast","Tracked by inventory; covered by lint/typecheck/tests/build, Trivy secret/vuln/misconfig scan, pnpm audit, and targeted sink review."
"apps/web/src/components/map/airportContextOverlay.test.ts","web-source","reviewed","no validated issue","","orchestrator+sast+dast","Tracked by inventory; covered by lint/typecheck/tests/build, Trivy secret/vuln/misconfig scan, pnpm audit, and targeted sink review."
"apps/web/src/components/map/airportContextOverlay.ts","web-source","reviewed","no validated issue","","orchestrator+sast+dast","Tracked by inventory; covered by lint/typecheck/tests/build, Trivy secret/vuln/misconfig scan, pnpm audit, and targeted sink review."
"apps/web/src/components/map/areaOverlay.ts","web-source","reviewed","no validated issue","","orchestrator+sast+dast","Tracked by inventory; covered by lint/typecheck/tests/build, Trivy secret/vuln/misconfig scan, pnpm audit, and targeted sink review."
"apps/web/src/components/map/conflictContextOverlay.test.ts","web-source","reviewed","no validated issue","","orchestrator+sast+dast","Tracked by inventory; covered by lint/typecheck/tests/build, Trivy secret/vuln/misconfig scan, pnpm audit, and targeted sink review."
"apps/web/src/components/map/conflictContextOverlay.ts","web-source","reviewed","no validated issue","","orchestrator+sast+dast","Tracked by inventory; covered by lint/typecheck/tests/build, Trivy secret/vuln/misconfig scan, pnpm audit, and targeted sink review."
"apps/web/src/components/map/fireAnomalyOverlay.test.ts","web-source","reviewed","no validated issue","","orchestrator+sast+dast","Tracked by inventory; covered by lint/typecheck/tests/build, Trivy secret/vuln/misconfig scan, pnpm audit, and targeted sink review."
"apps/web/src/components/map/fireAnomalyOverlay.ts","web-source","reviewed","no validated issue","","orchestrator+sast+dast","Tracked by inventory; covered by lint/typecheck/tests/build, Trivy secret/vuln/misconfig scan, pnpm audit, and targeted sink review."
"apps/web/src/components/map/MapCanvas.test.tsx","web-source","reviewed","no validated issue","","orchestrator+sast+dast","Tracked by inventory; covered by lint/typecheck/tests/build, Trivy secret/vuln/misconfig scan, pnpm audit, and targeted sink review."
"apps/web/src/components/map/MapCanvas.tsx","web-source","reviewed","no validated issue","","orchestrator+sast+dast","Tracked by inventory; covered by lint/typecheck/tests/build, Trivy secret/vuln/misconfig scan, pnpm audit, and targeted sink review."
"apps/web/src/components/map/mapCanvasSync.ts","web-source","reviewed","no validated issue","","orchestrator+sast+dast","Tracked by inventory; covered by lint/typecheck/tests/build, Trivy secret/vuln/misconfig scan, pnpm audit, and targeted sink review."
"apps/web/src/components/map/mapCanvasUtils.ts","web-source","reviewed","no validated issue","","orchestrator+sast+dast","Tracked by inventory; covered by lint/typecheck/tests/build, Trivy secret/vuln/misconfig scan, pnpm audit, and targeted sink review."
"apps/web/src/components/map/MapControls.test.tsx","web-source","reviewed","no validated issue","","orchestrator+sast+dast","Tracked by inventory; covered by lint/typecheck/tests/build, Trivy secret/vuln/misconfig scan, pnpm audit, and targeted sink review."
"apps/web/src/components/map/MapControls.tsx","web-source","reviewed","no validated issue","","orchestrator+sast+dast","Tracked by inventory; covered by lint/typecheck/tests/build, Trivy secret/vuln/misconfig scan, pnpm audit, and targeted sink review."
"apps/web/src/components/map/mapIntelligenceLayers.ts","web-source","reviewed","no validated issue","","orchestrator+sast+dast","Tracked by inventory; covered by lint/typecheck/tests/build, Trivy secret/vuln/misconfig scan, pnpm audit, and targeted sink review."
"apps/web/src/components/map/mapInteractionHandlers.test.ts","web-source","reviewed","no validated issue","","orchestrator+sast+dast","Tracked by inventory; covered by lint/typecheck/tests/build, Trivy secret/vuln/misconfig scan, pnpm audit, and targeted sink review."
"apps/web/src/components/map/mapInteractionHandlers.ts","web-source","reviewed","no validated issue","","orchestrator+sast+dast","Tracked by inventory; covered by lint/typecheck/tests/build, Trivy secret/vuln/misconfig scan, pnpm audit, and targeted sink review."
"apps/web/src/components/map/mapLayerSync.test.ts","web-source","reviewed","no validated issue","","orchestrator+sast+dast","Tracked by inventory; covered by lint/typecheck/tests/build, Trivy secret/vuln/misconfig scan, pnpm audit, and targeted sink review."
"apps/web/src/components/map/shipIcons.ts","web-source","reviewed","no validated issue","","orchestrator+sast+dast","Tracked by inventory; covered by lint/typecheck/tests/build, Trivy secret/vuln/misconfig scan, pnpm audit, and targeted sink review."
"apps/web/src/components/map/TrafficTrackingControls.tsx","web-source","reviewed","no validated issue","","orchestrator+sast+dast","Tracked by inventory; covered by lint/typecheck/tests/build, Trivy secret/vuln/misconfig scan, pnpm audit, and targeted sink review."
"apps/web/src/components/map/useAirportContextData.test.tsx","web-source","reviewed","no validated issue","","orchestrator+sast+dast","Tracked by inventory; covered by lint/typecheck/tests/build, Trivy secret/vuln/misconfig scan, pnpm audit, and targeted sink review."
"apps/web/src/components/map/useAirportContextData.ts","web-source","reviewed","no validated issue","","orchestrator+sast+dast","Tracked by inventory; covered by lint/typecheck/tests/build, Trivy secret/vuln/misconfig scan, pnpm audit, and targeted sink review."
"apps/web/src/components/map/useConflictContextData.test.tsx","web-source","reviewed","no validated issue","","orchestrator+sast+dast","Tracked by inventory; covered by lint/typecheck/tests/build, Trivy secret/vuln/misconfig scan, pnpm audit, and targeted sink review."
"apps/web/src/components/map/useConflictContextData.ts","web-source","reviewed","no validated issue","","orchestrator+sast+dast","Tracked by inventory; covered by lint/typecheck/tests/build, Trivy secret/vuln/misconfig scan, pnpm audit, and targeted sink review."
"apps/web/src/components/map/useFireAnomalyData.test.tsx","web-source","reviewed","no validated issue","","orchestrator+sast+dast","Tracked by inventory; covered by lint/typecheck/tests/build, Trivy secret/vuln/misconfig scan, pnpm audit, and targeted sink review."
"apps/web/src/components/map/useFireAnomalyData.ts","web-source","reviewed","no validated issue","","orchestrator+sast+dast","Tracked by inventory; covered by lint/typecheck/tests/build, Trivy secret/vuln/misconfig scan, pnpm audit, and targeted sink review."
"apps/web/src/components/map/useMapTrafficData.test.tsx","web-source","reviewed","no validated issue","","orchestrator+sast+dast","Tracked by inventory; covered by lint/typecheck/tests/build, Trivy secret/vuln/misconfig scan, pnpm audit, and targeted sink review."
"apps/web/src/components/map/useMapTrafficData.ts","web-source","reviewed","no validated issue","","orchestrator+sast+dast","Tracked by inventory; covered by lint/typecheck/tests/build, Trivy secret/vuln/misconfig scan, pnpm audit, and targeted sink review."
"apps/web/src/components/map/vesselLayers.ts","web-source","reviewed","no validated issue","","orchestrator+sast+dast","Tracked by inventory; covered by lint/typecheck/tests/build, Trivy secret/vuln/misconfig scan, pnpm audit, and targeted sink review."
"apps/web/src/components/map/vesselMapData.test.ts","web-source","reviewed","no validated issue","","orchestrator+sast+dast","Tracked by inventory; covered by lint/typecheck/tests/build, Trivy secret/vuln/misconfig scan, pnpm audit, and targeted sink review."
"apps/web/src/components/map/vesselMapData.ts","web-source","reviewed","no validated issue","","orchestrator+sast+dast","Tracked by inventory; covered by lint/typecheck/tests/build, Trivy secret/vuln/misconfig scan, pnpm audit, and targeted sink review."
"apps/web/src/components/metrics/MetricTile.tsx","web-source","reviewed","no validated issue","","orchestrator+sast+dast","Tracked by inventory; covered by lint/typecheck/tests/build, Trivy secret/vuln/misconfig scan, pnpm audit, and targeted sink review."
"apps/web/src/components/metrics/TopMetricsBar.test.tsx","web-source","reviewed","no validated issue","","orchestrator+sast+dast","Tracked by inventory; covered by lint/typecheck/tests/build, Trivy secret/vuln/misconfig scan, pnpm audit, and targeted sink review."
"apps/web/src/components/metrics/TopMetricsBar.tsx","web-source","reviewed","no validated issue","","orchestrator+sast+dast","Tracked by inventory; covered by lint/typecheck/tests/build, Trivy secret/vuln/misconfig scan, pnpm audit, and targeted sink review."
"apps/web/src/components/military/MilitaryIntelPanel.test.tsx","web-source","reviewed","no validated issue","","orchestrator+sast+dast","Tracked by inventory; covered by lint/typecheck/tests/build, Trivy secret/vuln/misconfig scan, pnpm audit, and targeted sink review."
"apps/web/src/components/military/MilitaryIntelPanel.tsx","web-source","reviewed","no validated issue","","orchestrator+sast+dast","Tracked by inventory; covered by lint/typecheck/tests/build, Trivy secret/vuln/misconfig scan, pnpm audit, and targeted sink review."
"apps/web/src/components/routes/routeAircraft.test.ts","web-source","reviewed","no validated issue","","orchestrator+sast+dast","Tracked by inventory; covered by lint/typecheck/tests/build, Trivy secret/vuln/misconfig scan, pnpm audit, and targeted sink review."
"apps/web/src/components/routes/routeAircraft.ts","web-source","reviewed","no validated issue","","orchestrator+sast+dast","Tracked by inventory; covered by lint/typecheck/tests/build, Trivy secret/vuln/misconfig scan, pnpm audit, and targeted sink review."
"apps/web/src/components/routes/routeMetrics.test.ts","web-source","reviewed","no validated issue","","orchestrator+sast+dast","Tracked by inventory; covered by lint/typecheck/tests/build, Trivy secret/vuln/misconfig scan, pnpm audit, and targeted sink review."
"apps/web/src/components/routes/routeMetrics.ts","web-source","reviewed","no validated issue","","orchestrator+sast+dast","Tracked by inventory; covered by lint/typecheck/tests/build, Trivy secret/vuln/misconfig scan, pnpm audit, and targeted sink review."
"apps/web/src/components/routes/RoutePanel.test.tsx","web-source","reviewed","no validated issue","","orchestrator+sast+dast","Tracked by inventory; covered by lint/typecheck/tests/build, Trivy secret/vuln/misconfig scan, pnpm audit, and targeted sink review."
"apps/web/src/components/routes/RoutePanel.tsx","web-source","reviewed","no validated issue","","orchestrator+sast+dast","Tracked by inventory; covered by lint/typecheck/tests/build, Trivy secret/vuln/misconfig scan, pnpm audit, and targeted sink review."
"apps/web/src/components/routes/routeVessels.test.ts","web-source","reviewed","no validated issue","","orchestrator+sast+dast","Tracked by inventory; covered by lint/typecheck/tests/build, Trivy secret/vuln/misconfig scan, pnpm audit, and targeted sink review."
"apps/web/src/components/routes/routeVessels.ts","web-source","reviewed","no validated issue","","orchestrator+sast+dast","Tracked by inventory; covered by lint/typecheck/tests/build, Trivy secret/vuln/misconfig scan, pnpm audit, and targeted sink review."
"apps/web/src/components/settings/AnalysisAccessTokenPanel.tsx","web-source","reviewed","no validated issue","","orchestrator+sast+dast","Tracked by inventory; covered by lint/typecheck/tests/build, Trivy secret/vuln/misconfig scan, pnpm audit, and targeted sink review."
"apps/web/src/components/settings/FeedConfidenceControls.tsx","web-source","reviewed","no validated issue","","orchestrator+sast+dast","Tracked by inventory; covered by lint/typecheck/tests/build, Trivy secret/vuln/misconfig scan, pnpm audit, and targeted sink review."
"apps/web/src/components/settings/ProviderStatusCard.tsx","web-source","reviewed","no validated issue","","orchestrator+sast+dast","Tracked by inventory; covered by lint/typecheck/tests/build, Trivy secret/vuln/misconfig scan, pnpm audit, and targeted sink review."
"apps/web/src/components/settings/SettingsPanel.test.tsx","web-source","reviewed","no validated issue","","orchestrator+sast+dast","Tracked by inventory; covered by lint/typecheck/tests/build, Trivy secret/vuln/misconfig scan, pnpm audit, and targeted sink review."
"apps/web/src/components/settings/SettingsPanel.tsx","web-source","reviewed","no validated issue","","orchestrator+sast+dast","Tracked by inventory; covered by lint/typecheck/tests/build, Trivy secret/vuln/misconfig scan, pnpm audit, and targeted sink review."
"apps/web/src/components/ui/IconButton.tsx","web-source","reviewed","no validated issue","","orchestrator+sast+dast","Tracked by inventory; covered by lint/typecheck/tests/build, Trivy secret/vuln/misconfig scan, pnpm audit, and targeted sink review."
"apps/web/src/components/vessels/VesselBadges.tsx","web-source","reviewed","no validated issue","","orchestrator+sast+dast","Tracked by inventory; covered by lint/typecheck/tests/build, Trivy secret/vuln/misconfig scan, pnpm audit, and targeted sink review."
"apps/web/src/components/vessels/VesselDrawer.test.tsx","web-source","reviewed","no validated issue","","orchestrator+sast+dast","Tracked by inventory; covered by lint/typecheck/tests/build, Trivy secret/vuln/misconfig scan, pnpm audit, and targeted sink review."
"apps/web/src/components/vessels/VesselDrawer.tsx","web-source","reviewed","no validated issue","","orchestrator+sast+dast","Tracked by inventory; covered by lint/typecheck/tests/build, Trivy secret/vuln/misconfig scan, pnpm audit, and targeted sink review."
"apps/web/src/components/vessels/VesselIntelPanel.test.tsx","web-source","reviewed","no validated issue","","orchestrator+sast+dast","Tracked by inventory; covered by lint/typecheck/tests/build, Trivy secret/vuln/misconfig scan, pnpm audit, and targeted sink review."
"apps/web/src/components/vessels/VesselIntelPanel.tsx","web-source","reviewed","no validated issue","","orchestrator+sast+dast","Tracked by inventory; covered by lint/typecheck/tests/build, Trivy secret/vuln/misconfig scan, pnpm audit, and targeted sink review."
"apps/web/src/config/env.ts","web-source","reviewed","no validated issue","","orchestrator+sast+dast","Tracked by inventory; covered by lint/typecheck/tests/build, Trivy secret/vuln/misconfig scan, pnpm audit, and targeted sink review."
"apps/web/src/hooks/useAutoClassifiedIntel.test.ts","web-source","reviewed","no validated issue","","orchestrator+sast+dast","Tracked by inventory; covered by lint/typecheck/tests/build, Trivy secret/vuln/misconfig scan, pnpm audit, and targeted sink review."
"apps/web/src/hooks/useAutoClassifiedIntel.ts","web-source","reviewed","no validated issue","","orchestrator+sast+dast","Tracked by inventory; covered by lint/typecheck/tests/build, Trivy secret/vuln/misconfig scan, pnpm audit, and targeted sink review."
"apps/web/src/hooks/useDashboardData.test.tsx","web-source","reviewed","no validated issue","","orchestrator+sast+dast","Tracked by inventory; covered by lint/typecheck/tests/build, Trivy secret/vuln/misconfig scan, pnpm audit, and targeted sink review."
"apps/web/src/hooks/useDashboardData.ts","web-source","reviewed","no validated issue","","orchestrator+sast+dast","Tracked by inventory; covered by lint/typecheck/tests/build, Trivy secret/vuln/misconfig scan, pnpm audit, and targeted sink review."
"apps/web/src/hooks/useMissionScheduler.test.tsx","web-source","reviewed","no validated issue","","orchestrator+sast+dast","Tracked by inventory; covered by lint/typecheck/tests/build, Trivy secret/vuln/misconfig scan, pnpm audit, and targeted sink review."
"apps/web/src/hooks/useMissionScheduler.ts","web-source","reviewed","no validated issue","","orchestrator+sast+dast","Tracked by inventory; covered by lint/typecheck/tests/build, Trivy secret/vuln/misconfig scan, pnpm audit, and targeted sink review."
"apps/web/src/hooks/useNowTick.ts","web-source","reviewed","no validated issue","","orchestrator+sast+dast","Tracked by inventory; covered by lint/typecheck/tests/build, Trivy secret/vuln/misconfig scan, pnpm audit, and targeted sink review."
"apps/web/src/hooks/useTrafficWatchRules.test.tsx","web-source","reviewed","no validated issue","","orchestrator+sast+dast","Tracked by inventory; covered by lint/typecheck/tests/build, Trivy secret/vuln/misconfig scan, pnpm audit, and targeted sink review."
"apps/web/src/hooks/useTrafficWatchRules.ts","web-source","reviewed","no validated issue","","orchestrator+sast+dast","Tracked by inventory; covered by lint/typecheck/tests/build, Trivy secret/vuln/misconfig scan, pnpm audit, and targeted sink review."
"apps/web/src/hooks/useVisibleTraffic.ts","web-source","reviewed","no validated issue","","orchestrator+sast+dast","Tracked by inventory; covered by lint/typecheck/tests/build, Trivy secret/vuln/misconfig scan, pnpm audit, and targeted sink review."
"apps/web/src/main.tsx","web-source","reviewed","no validated issue","","orchestrator+sast+dast","Tracked by inventory; covered by lint/typecheck/tests/build, Trivy secret/vuln/misconfig scan, pnpm audit, and targeted sink review."
"apps/web/src/map/IMapStyleProvider.ts","web-source","reviewed","no validated issue","","orchestrator+sast+dast","Tracked by inventory; covered by lint/typecheck/tests/build, Trivy secret/vuln/misconfig scan, pnpm audit, and targeted sink review."
"apps/web/src/map/MapStyleRegistry.test.ts","web-source","reviewed","no validated issue","","orchestrator+sast+dast","Tracked by inventory; covered by lint/typecheck/tests/build, Trivy secret/vuln/misconfig scan, pnpm audit, and targeted sink review."
"apps/web/src/map/MapStyleRegistry.ts","web-source","reviewed","no validated issue","","orchestrator+sast+dast","Tracked by inventory; covered by lint/typecheck/tests/build, Trivy secret/vuln/misconfig scan, pnpm audit, and targeted sink review."
"apps/web/src/realtime/flightRealtimeClient.ts","web-source","reviewed","no validated issue","","orchestrator+sast+dast","Tracked by inventory; covered by lint/typecheck/tests/build, Trivy secret/vuln/misconfig scan, pnpm audit, and targeted sink review."
"apps/web/src/realtime/realtimeClient.ts","web-source","reviewed","no validated issue","","orchestrator+sast+dast","Tracked by inventory; covered by lint/typecheck/tests/build, Trivy secret/vuln/misconfig scan, pnpm audit, and targeted sink review."
"apps/web/src/realtime/realtimeClients.test.ts","web-source","reviewed","no validated issue","","orchestrator+sast+dast","Tracked by inventory; covered by lint/typecheck/tests/build, Trivy secret/vuln/misconfig scan, pnpm audit, and targeted sink review."
"apps/web/src/stores/aircraftFilterStore.test.ts","web-source","reviewed","no validated issue","","orchestrator+sast+dast","Tracked by inventory; covered by lint/typecheck/tests/build, Trivy secret/vuln/misconfig scan, pnpm audit, and targeted sink review."
"apps/web/src/stores/aircraftFilterStore.ts","web-source","reviewed","no validated issue","","orchestrator+sast+dast","Tracked by inventory; covered by lint/typecheck/tests/build, Trivy secret/vuln/misconfig scan, pnpm audit, and targeted sink review."
"apps/web/src/stores/aircraftIntelStore.test.ts","web-source","reviewed","no validated issue","","orchestrator+sast+dast","Tracked by inventory; covered by lint/typecheck/tests/build, Trivy secret/vuln/misconfig scan, pnpm audit, and targeted sink review."
"apps/web/src/stores/aircraftIntelStore.ts","web-source","reviewed","no validated issue","","orchestrator+sast+dast","Tracked by inventory; covered by lint/typecheck/tests/build, Trivy secret/vuln/misconfig scan, pnpm audit, and targeted sink review."
"apps/web/src/stores/aircraftStore.test.ts","web-source","reviewed","no validated issue","","orchestrator+sast+dast","Tracked by inventory; covered by lint/typecheck/tests/build, Trivy secret/vuln/misconfig scan, pnpm audit, and targeted sink review."
"apps/web/src/stores/aircraftStore.ts","web-source","reviewed","no validated issue","","orchestrator+sast+dast","Tracked by inventory; covered by lint/typecheck/tests/build, Trivy secret/vuln/misconfig scan, pnpm audit, and targeted sink review."
"apps/web/src/stores/airportContextStore.test.ts","web-source","reviewed","no validated issue","","orchestrator+sast+dast","Tracked by inventory; covered by lint/typecheck/tests/build, Trivy secret/vuln/misconfig scan, pnpm audit, and targeted sink review."
"apps/web/src/stores/airportContextStore.ts","web-source","reviewed","no validated issue","","orchestrator+sast+dast","Tracked by inventory; covered by lint/typecheck/tests/build, Trivy secret/vuln/misconfig scan, pnpm audit, and targeted sink review."
"apps/web/src/stores/alertStore.test.ts","web-source","reviewed","no validated issue","","orchestrator+sast+dast","Tracked by inventory; covered by lint/typecheck/tests/build, Trivy secret/vuln/misconfig scan, pnpm audit, and targeted sink review."
"apps/web/src/stores/alertStore.ts","web-source","reviewed","no validated issue","","orchestrator+sast+dast","Tracked by inventory; covered by lint/typecheck/tests/build, Trivy secret/vuln/misconfig scan, pnpm audit, and targeted sink review."
"apps/web/src/stores/analysisAccessStore.ts","web-source","reviewed","no validated issue","","orchestrator+sast+dast","Tracked by inventory; covered by lint/typecheck/tests/build, Trivy secret/vuln/misconfig scan, pnpm audit, and targeted sink review."
"apps/web/src/stores/analysisStore.test.ts","web-source","reviewed","no validated issue","","orchestrator+sast+dast","Tracked by inventory; covered by lint/typecheck/tests/build, Trivy secret/vuln/misconfig scan, pnpm audit, and targeted sink review."
"apps/web/src/stores/analysisStore.ts","web-source","reviewed","no validated issue","","orchestrator+sast+dast","Tracked by inventory; covered by lint/typecheck/tests/build, Trivy secret/vuln/misconfig scan, pnpm audit, and targeted sink review."
"apps/web/src/stores/anomalyStore.test.ts","web-source","reviewed","no validated issue","","orchestrator+sast+dast","Tracked by inventory; covered by lint/typecheck/tests/build, Trivy secret/vuln/misconfig scan, pnpm audit, and targeted sink review."
"apps/web/src/stores/anomalyStore.ts","web-source","reviewed","no validated issue","","orchestrator+sast+dast","Tracked by inventory; covered by lint/typecheck/tests/build, Trivy secret/vuln/misconfig scan, pnpm audit, and targeted sink review."
"apps/web/src/stores/conflictContextStore.test.ts","web-source","reviewed","no validated issue","","orchestrator+sast+dast","Tracked by inventory; covered by lint/typecheck/tests/build, Trivy secret/vuln/misconfig scan, pnpm audit, and targeted sink review."
"apps/web/src/stores/conflictContextStore.ts","web-source","reviewed","no validated issue","","orchestrator+sast+dast","Tracked by inventory; covered by lint/typecheck/tests/build, Trivy secret/vuln/misconfig scan, pnpm audit, and targeted sink review."
"apps/web/src/stores/feedFilterStore.test.ts","web-source","reviewed","no validated issue","","orchestrator+sast+dast","Tracked by inventory; covered by lint/typecheck/tests/build, Trivy secret/vuln/misconfig scan, pnpm audit, and targeted sink review."
"apps/web/src/stores/feedFilterStore.ts","web-source","reviewed","no validated issue","","orchestrator+sast+dast","Tracked by inventory; covered by lint/typecheck/tests/build, Trivy secret/vuln/misconfig scan, pnpm audit, and targeted sink review."
"apps/web/src/stores/fireContextStore.test.ts","web-source","reviewed","no validated issue","","orchestrator+sast+dast","Tracked by inventory; covered by lint/typecheck/tests/build, Trivy secret/vuln/misconfig scan, pnpm audit, and targeted sink review."
"apps/web/src/stores/fireContextStore.ts","web-source","reviewed","no validated issue","","orchestrator+sast+dast","Tracked by inventory; covered by lint/typecheck/tests/build, Trivy secret/vuln/misconfig scan, pnpm audit, and targeted sink review."
"apps/web/src/stores/localStore.ts","web-source","reviewed","no validated issue","","orchestrator+sast+dast","Tracked by inventory; covered by lint/typecheck/tests/build, Trivy secret/vuln/misconfig scan, pnpm audit, and targeted sink review."
"apps/web/src/stores/mapStore.test.ts","web-source","reviewed","no validated issue","","orchestrator+sast+dast","Tracked by inventory; covered by lint/typecheck/tests/build, Trivy secret/vuln/misconfig scan, pnpm audit, and targeted sink review."
"apps/web/src/stores/mapStore.ts","web-source","reviewed","no validated issue","","orchestrator+sast+dast","Tracked by inventory; covered by lint/typecheck/tests/build, Trivy secret/vuln/misconfig scan, pnpm audit, and targeted sink review."
"apps/web/src/stores/marineWeatherStore.test.ts","web-source","reviewed","no validated issue","","orchestrator+sast+dast","Tracked by inventory; covered by lint/typecheck/tests/build, Trivy secret/vuln/misconfig scan, pnpm audit, and targeted sink review."
"apps/web/src/stores/marineWeatherStore.ts","web-source","reviewed","no validated issue","","orchestrator+sast+dast","Tracked by inventory; covered by lint/typecheck/tests/build, Trivy secret/vuln/misconfig scan, pnpm audit, and targeted sink review."
"apps/web/src/stores/missionStore.test.ts","web-source","reviewed","no validated issue","","orchestrator+sast+dast","Tracked by inventory; covered by lint/typecheck/tests/build, Trivy secret/vuln/misconfig scan, pnpm audit, and targeted sink review."
"apps/web/src/stores/missionStore.ts","web-source","reviewed","no validated issue","","orchestrator+sast+dast","Tracked by inventory; covered by lint/typecheck/tests/build, Trivy secret/vuln/misconfig scan, pnpm audit, and targeted sink review."
"apps/web/src/stores/satelliteContextStore.test.ts","web-source","reviewed","no validated issue","","orchestrator+sast+dast","Tracked by inventory; covered by lint/typecheck/tests/build, Trivy secret/vuln/misconfig scan, pnpm audit, and targeted sink review."
"apps/web/src/stores/satelliteContextStore.ts","web-source","reviewed","no validated issue","","orchestrator+sast+dast","Tracked by inventory; covered by lint/typecheck/tests/build, Trivy secret/vuln/misconfig scan, pnpm audit, and targeted sink review."
"apps/web/src/stores/trafficRuleStore.test.ts","web-source","reviewed","no validated issue","","orchestrator+sast+dast","Tracked by inventory; covered by lint/typecheck/tests/build, Trivy secret/vuln/misconfig scan, pnpm audit, and targeted sink review."
"apps/web/src/stores/trafficRuleStore.ts","web-source","reviewed","no validated issue","","orchestrator+sast+dast","Tracked by inventory; covered by lint/typecheck/tests/build, Trivy secret/vuln/misconfig scan, pnpm audit, and targeted sink review."
"apps/web/src/stores/vesselIntelStore.test.ts","web-source","reviewed","no validated issue","","orchestrator+sast+dast","Tracked by inventory; covered by lint/typecheck/tests/build, Trivy secret/vuln/misconfig scan, pnpm audit, and targeted sink review."
"apps/web/src/stores/vesselIntelStore.ts","web-source","reviewed","no validated issue","","orchestrator+sast+dast","Tracked by inventory; covered by lint/typecheck/tests/build, Trivy secret/vuln/misconfig scan, pnpm audit, and targeted sink review."
"apps/web/src/stores/vesselStore.test.ts","web-source","reviewed","no validated issue","","orchestrator+sast+dast","Tracked by inventory; covered by lint/typecheck/tests/build, Trivy secret/vuln/misconfig scan, pnpm audit, and targeted sink review."
"apps/web/src/stores/vesselStore.ts","web-source","reviewed","no validated issue","","orchestrator+sast+dast","Tracked by inventory; covered by lint/typecheck/tests/build, Trivy secret/vuln/misconfig scan, pnpm audit, and targeted sink review."
"apps/web/src/styles.css","web-source","reviewed","no validated issue","","orchestrator+sast+dast","Tracked by inventory; covered by lint/typecheck/tests/build, Trivy secret/vuln/misconfig scan, pnpm audit, and targeted sink review."
"apps/web/src/traffic/feedConfidence.test.ts","web-source","reviewed","no validated issue","","orchestrator+sast+dast","Tracked by inventory; covered by lint/typecheck/tests/build, Trivy secret/vuln/misconfig scan, pnpm audit, and targeted sink review."
"apps/web/src/traffic/feedConfidence.ts","web-source","reviewed","no validated issue","","orchestrator+sast+dast","Tracked by inventory; covered by lint/typecheck/tests/build, Trivy secret/vuln/misconfig scan, pnpm audit, and targeted sink review."
"apps/web/src/traffic/trafficFilters.test.ts","web-source","reviewed","no validated issue","","orchestrator+sast+dast","Tracked by inventory; covered by lint/typecheck/tests/build, Trivy secret/vuln/misconfig scan, pnpm audit, and targeted sink review."
"apps/web/src/traffic/trafficFilters.ts","web-source","reviewed","no validated issue","","orchestrator+sast+dast","Tracked by inventory; covered by lint/typecheck/tests/build, Trivy secret/vuln/misconfig scan, pnpm audit, and targeted sink review."
"apps/web/src/vite-env.d.ts","web-source","reviewed","no validated issue","","orchestrator+sast+dast","Tracked by inventory; covered by lint/typecheck/tests/build, Trivy secret/vuln/misconfig scan, pnpm audit, and targeted sink review."
"apps/web/tailwind.config.ts","configuration","reviewed","no validated issue","","orchestrator+sast+dast","Tracked by inventory; covered by lint/typecheck/tests/build, Trivy secret/vuln/misconfig scan, pnpm audit, and targeted sink review."
"apps/web/tsconfig.json","configuration","reviewed","no validated issue","","orchestrator+sast+dast","Tracked by inventory; covered by lint/typecheck/tests/build, Trivy secret/vuln/misconfig scan, pnpm audit, and targeted sink review."
"apps/web/vite.config.ts","configuration","reviewed","no validated issue","","orchestrator+sast+dast","Tracked by inventory; covered by lint/typecheck/tests/build, Trivy secret/vuln/misconfig scan, pnpm audit, and targeted sink review."
"docker-compose.yml","configuration","reviewed","no validated issue","","orchestrator+sast+dast","Tracked by inventory; covered by lint/typecheck/tests/build, Trivy secret/vuln/misconfig scan, pnpm audit, and targeted sink review."
"docs/agents/AGENTIC_UPGRADE_FRAMEWORK.md","documentation","reviewed","no validated issue","","orchestrator+sast+dast","Tracked by inventory; covered by lint/typecheck/tests/build, Trivy secret/vuln/misconfig scan, pnpm audit, and targeted sink review."
"docs/agents/loops/2026-06-20-aircraft-operations-filters.md","documentation","reviewed","no validated issue","","orchestrator+sast+dast","Tracked by inventory; covered by lint/typecheck/tests/build, Trivy secret/vuln/misconfig scan, pnpm audit, and targeted sink review."
"docs/agents/loops/2026-06-20-observed-track-clarity.md","documentation","reviewed","no validated issue","","orchestrator+sast+dast","Tracked by inventory; covered by lint/typecheck/tests/build, Trivy secret/vuln/misconfig scan, pnpm audit, and targeted sink review."
"docs/agents/loops/2026-06-20-osint-expansion-roadmap.md","documentation","reviewed","no validated issue","","orchestrator+sast+dast","Tracked by inventory; covered by lint/typecheck/tests/build, Trivy secret/vuln/misconfig scan, pnpm audit, and targeted sink review."
"docs/agents/README.md","documentation","reviewed","no validated issue","","orchestrator+sast+dast","Tracked by inventory; covered by lint/typecheck/tests/build, Trivy secret/vuln/misconfig scan, pnpm audit, and targeted sink review."
"docs/agents/ROLE_BRIEFS.md","documentation","reviewed","no validated issue","","orchestrator+sast+dast","Tracked by inventory; covered by lint/typecheck/tests/build, Trivy secret/vuln/misconfig scan, pnpm audit, and targeted sink review."
"docs/agents/SYSTEM_PROMPTS.md","documentation","reviewed","no validated issue","","orchestrator+sast+dast","Tracked by inventory; covered by lint/typecheck/tests/build, Trivy secret/vuln/misconfig scan, pnpm audit, and targeted sink review."
"docs/agents/templates/agent-brief.md","documentation","reviewed","no validated issue","","orchestrator+sast+dast","Tracked by inventory; covered by lint/typecheck/tests/build, Trivy secret/vuln/misconfig scan, pnpm audit, and targeted sink review."
"docs/agents/templates/goal-loop-state.md","documentation","reviewed","no validated issue","","orchestrator+sast+dast","Tracked by inventory; covered by lint/typecheck/tests/build, Trivy secret/vuln/misconfig scan, pnpm audit, and targeted sink review."
"docs/AIS_POC_PLAN.md","documentation","reviewed","no validated issue","","orchestrator+sast+dast","Tracked by inventory; covered by lint/typecheck/tests/build, Trivy secret/vuln/misconfig scan, pnpm audit, and targeted sink review."
"docs/ARCHITECTURE.md","documentation","reviewed","no validated issue","","orchestrator+sast+dast","Tracked by inventory; covered by lint/typecheck/tests/build, Trivy secret/vuln/misconfig scan, pnpm audit, and targeted sink review."
"docs/CHANGELOG.md","documentation","reviewed","no validated issue","","orchestrator+sast+dast","Tracked by inventory; covered by lint/typecheck/tests/build, Trivy secret/vuln/misconfig scan, pnpm audit, and targeted sink review."
"docs/design/dashboard-concept.png","documentation","reviewed","no validated issue","","orchestrator+sast+dast","Tracked by inventory; covered by lint/typecheck/tests/build, Trivy secret/vuln/misconfig scan, pnpm audit, and targeted sink review."
"docs/design/dashboard-desktop.png","documentation","reviewed","no validated issue","","orchestrator+sast+dast","Tracked by inventory; covered by lint/typecheck/tests/build, Trivy secret/vuln/misconfig scan, pnpm audit, and targeted sink review."
"docs/design/dashboard-mobile.png","documentation","reviewed","no validated issue","","orchestrator+sast+dast","Tracked by inventory; covered by lint/typecheck/tests/build, Trivy secret/vuln/misconfig scan, pnpm audit, and targeted sink review."
"docs/DEVELOPMENT_STORY.md","documentation","reviewed","no validated issue","","orchestrator+sast+dast","Tracked by inventory; covered by lint/typecheck/tests/build, Trivy secret/vuln/misconfig scan, pnpm audit, and targeted sink review."
"docs/MASTER_IMPLEMENTATION_PLAN.md","documentation","reviewed","fixed","SF-SEC-001","orchestrator+sast+dast","FIRMS provider-key spend fixed with token guard, startup guard, web token header, docs, and regression tests."
"docs/SECURITY_MODEL.md","documentation","reviewed","fixed","SF-SEC-001","orchestrator+sast+dast","FIRMS provider-key spend fixed with token guard, startup guard, web token header, docs, and regression tests."
"docs/security/2026-06-20-agentic-loop-security.md","documentation","reviewed","no validated issue","","orchestrator+sast+dast","Tracked by inventory; covered by lint/typecheck/tests/build, Trivy secret/vuln/misconfig scan, pnpm audit, and targeted sink review."
"docs/security/2026-06-21-comprehensive-check.md","documentation","reviewed","no validated issue","","orchestrator+sast+dast","Tracked by inventory; covered by lint/typecheck/tests/build, Trivy secret/vuln/misconfig scan, pnpm audit, and targeted sink review."
"docs/security/2026-06-21-file-security-tracker.csv","documentation","reviewed","no validated issue","","orchestrator+sast+dast","Tracked by inventory; covered by lint/typecheck/tests/build, Trivy secret/vuln/misconfig scan, pnpm audit, and targeted sink review."
"eslint.config.mjs","configuration","reviewed","no validated issue","","orchestrator+sast+dast","Tracked by inventory; covered by lint/typecheck/tests/build, Trivy secret/vuln/misconfig scan, pnpm audit, and targeted sink review."
"package.json","configuration","reviewed","fixed","SF-SEC-002","orchestrator+sast+dast","Dev-only esbuild advisory fixed with scoped pnpm override; pnpm audit and Trivy dev scan are clean."
"packages/shared/package.json","shared-contracts","reviewed","no validated issue","","orchestrator+sast+dast","Tracked by inventory; covered by lint/typecheck/tests/build, Trivy secret/vuln/misconfig scan, pnpm audit, and targeted sink review."
"packages/shared/src/aircraft-schemas.ts","shared-contracts","reviewed","no validated issue","","orchestrator+sast+dast","Tracked by inventory; covered by lint/typecheck/tests/build, Trivy secret/vuln/misconfig scan, pnpm audit, and targeted sink review."
"packages/shared/src/aircraft.ts","shared-contracts","reviewed","no validated issue","","orchestrator+sast+dast","Tracked by inventory; covered by lint/typecheck/tests/build, Trivy secret/vuln/misconfig scan, pnpm audit, and targeted sink review."
"packages/shared/src/areas.ts","shared-contracts","reviewed","no validated issue","","orchestrator+sast+dast","Tracked by inventory; covered by lint/typecheck/tests/build, Trivy secret/vuln/misconfig scan, pnpm audit, and targeted sink review."
"packages/shared/src/conflict-context-schemas.ts","shared-contracts","reviewed","no validated issue","","orchestrator+sast+dast","Tracked by inventory; covered by lint/typecheck/tests/build, Trivy secret/vuln/misconfig scan, pnpm audit, and targeted sink review."
"packages/shared/src/context-schemas.ts","shared-contracts","reviewed","no validated issue","","orchestrator+sast+dast","Tracked by inventory; covered by lint/typecheck/tests/build, Trivy secret/vuln/misconfig scan, pnpm audit, and targeted sink review."
"packages/shared/src/index.ts","shared-contracts","reviewed","no validated issue","","orchestrator+sast+dast","Tracked by inventory; covered by lint/typecheck/tests/build, Trivy secret/vuln/misconfig scan, pnpm audit, and targeted sink review."
"packages/shared/src/satellite-context-schemas.ts","shared-contracts","reviewed","no validated issue","","orchestrator+sast+dast","Tracked by inventory; covered by lint/typecheck/tests/build, Trivy secret/vuln/misconfig scan, pnpm audit, and targeted sink review."
"packages/shared/src/schemas.ts","shared-contracts","reviewed","no validated issue","","orchestrator+sast+dast","Tracked by inventory; covered by lint/typecheck/tests/build, Trivy secret/vuln/misconfig scan, pnpm audit, and targeted sink review."
"packages/shared/src/types.ts","shared-contracts","reviewed","no validated issue","","orchestrator+sast+dast","Tracked by inventory; covered by lint/typecheck/tests/build, Trivy secret/vuln/misconfig scan, pnpm audit, and targeted sink review."
"packages/shared/src/vessels.ts","shared-contracts","reviewed","no validated issue","","orchestrator+sast+dast","Tracked by inventory; covered by lint/typecheck/tests/build, Trivy secret/vuln/misconfig scan, pnpm audit, and targeted sink review."
"packages/shared/tests/classification-and-areas.test.ts","shared-contracts","reviewed","no validated issue","","orchestrator+sast+dast","Tracked by inventory; covered by lint/typecheck/tests/build, Trivy secret/vuln/misconfig scan, pnpm audit, and targeted sink review."
"packages/shared/tests/conflict-context-schemas.test.ts","shared-contracts","reviewed","no validated issue","","orchestrator+sast+dast","Tracked by inventory; covered by lint/typecheck/tests/build, Trivy secret/vuln/misconfig scan, pnpm audit, and targeted sink review."
"packages/shared/tests/context-schemas.test.ts","shared-contracts","reviewed","no validated issue","","orchestrator+sast+dast","Tracked by inventory; covered by lint/typecheck/tests/build, Trivy secret/vuln/misconfig scan, pnpm audit, and targeted sink review."
"packages/shared/tests/intel-schemas.test.ts","shared-contracts","reviewed","no validated issue","","orchestrator+sast+dast","Tracked by inventory; covered by lint/typecheck/tests/build, Trivy secret/vuln/misconfig scan, pnpm audit, and targeted sink review."
"packages/shared/tests/schemas.test.ts","shared-contracts","reviewed","no validated issue","","orchestrator+sast+dast","Tracked by inventory; covered by lint/typecheck/tests/build, Trivy secret/vuln/misconfig scan, pnpm audit, and targeted sink review."
"packages/shared/tsconfig.cjs.json","shared-contracts","reviewed","no validated issue","","orchestrator+sast+dast","Tracked by inventory; covered by lint/typecheck/tests/build, Trivy secret/vuln/misconfig scan, pnpm audit, and targeted sink review."
"packages/shared/tsconfig.esm.json","shared-contracts","reviewed","no validated issue","","orchestrator+sast+dast","Tracked by inventory; covered by lint/typecheck/tests/build, Trivy secret/vuln/misconfig scan, pnpm audit, and targeted sink review."
"packages/shared/tsconfig.json","shared-contracts","reviewed","no validated issue","","orchestrator+sast+dast","Tracked by inventory; covered by lint/typecheck/tests/build, Trivy secret/vuln/misconfig scan, pnpm audit, and targeted sink review."
"packages/shared/vitest.config.ts","shared-contracts","reviewed","no validated issue","","orchestrator+sast+dast","Tracked by inventory; covered by lint/typecheck/tests/build, Trivy secret/vuln/misconfig scan, pnpm audit, and targeted sink review."
"pnpm-lock.yaml","configuration","reviewed","fixed","SF-SEC-002","orchestrator+sast+dast","Dev-only esbuild advisory fixed with scoped pnpm override; pnpm audit and Trivy dev scan are clean."
"pnpm-workspace.yaml","configuration","reviewed","no validated issue","","orchestrator+sast+dast","Tracked by inventory; covered by lint/typecheck/tests/build, Trivy secret/vuln/misconfig scan, pnpm audit, and targeted sink review."
"README.md","documentation","reviewed","fixed","SF-SEC-001","orchestrator+sast+dast","FIRMS provider-key spend fixed with token guard, startup guard, web token header, docs, and regression tests."
"tsconfig.base.json","configuration","reviewed","no validated issue","","orchestrator+sast+dast","Tracked by inventory; covered by lint/typecheck/tests/build, Trivy secret/vuln/misconfig scan, pnpm audit, and targeted sink review."
